
<!-- TCP based stack, with flow control and message bundling. This is usually 
	used when IP multicasting cannot be used in a network, e.g. because it is 
	disabled (routers discard multicast). -->
<config xmlns="urn:org:jgroups" xmlns:xsi="http://www.w3.org/2001/XMLSchema-instance"
	xsi:schemaLocation="urn:org:jgroups http://www.jgroups.org/schema/jgroups.xsd">

	<TCP 
		bind_port="16484" 
		bind_addr="127.0.0.1" 
		recv_buf_size="20M"
		send_buf_size="20M" 
		max_bundle_size="64K" 
		sock_conn_timeout="300"

		use_fork_join_pool="true" 
		thread_pool.min_threads="0"
		thread_pool.max_threads="20" 
		thread_pool.keep_alive_time="30000" />
	<TCPPING 
		async_discovery="true"
		initial_hosts="${jgroups.tcpping.initial_hosts:127.0.0.1[16484]}"
		port_range="1" />
	<MERGE3 min_interval="10000" max_interval="30000" />
	<FD_SOCK />
	<FD timeout="3000" max_tries="3" />
	<VERIFY_SUSPECT timeout="1500" />
	<BARRIER />
	<pbcast.NAKACK2 
		use_mcast_xmit="false"
		discard_delivered_msgs="true" />
	<UNICAST3 />
	<pbcast.STABLE 
		stability_delay="1000" 
		desired_avg_gossip="50000"
		max_bytes="4M" />
	<AUTH 
		auth_class="com.qfs.distribution.security.impl.CustomAuthToken"
		auth_value="distribution_password" 
		token_hash="SHA" />
	<pbcast.GMS 
		print_local_addr="true"
	 	join_timeout="3000" />
</config>
